{
	"description": "项目配置文件。",
	"setting": {
		"urlCheck": false,
		"es6": true,
		"postcss": true,
		"minified": true,
		"newFeature": true
	},
	"compileType": "miniprogram",
	"libVersion": "1.6.0",
	"appid": "wx37b3f495891dd60c",
	"projectname": "%E5%B0%8F%E5%B0%8F%E4%BB%93",
	"condition": {
		"search": {
			"current": -1,
			"list": []
		},
		"conversation": {
			"current": -1,
			"list": []
		},
		"game": {
			"list": []
		},
		"miniprogram": {
			"current": -1,
			"list": [
				{
					"id": 0,
					"name": "带参扫码",
					"pathName": "pages/index/index",
					"query": "platformNo=shuiguo",
					"scene": "1011"
				},
				{
					"id": 1,
					"name": "page2222",
					"pathName": "pages/index/index",
					"query": "scene=MINI_PLATFORM_USER_ID_14308",
					"scene": "1071"
				}
			]
		}
	}
}